Id,split,cv_fold
1,train,2
2,train,4
3,train,1
4,train,1
5,train,3
6,train,1
7,train,1
8,train,2
9,train,3
10,train,2
11,train,0
12,train,2
13,train,1
14,train,4
15,train,4
16,test,
17,train,2
18,train,3
19,train,3
20,train,2
21,train,3
22,train,4
23,train,4
24,test,
25,train,3
26,train,0
27,train,2
28,train,1
29,train,3
30,test,
31,test,
32,train,1
33,test,
34,train,2
35,train,1
36,train,1
37,train,0
38,train,3
39,train,1
40,train,4
41,train,3
42,train,3
43,train,3
44,test,
45,test,
46,train,3
47,train,1
48,train,4
49,train,2
50,test,
51,train,2
52,test,
53,train,0
54,train,0
55,train,3
56,train,3
57,test,
58,train,1
59,test,
60,test,
61,train,3
62,train,0
63,train,3
64,test,
65,train,0
66,test,
67,train,4
68,test,
69,train,3
70,train,0
71,test,
72,train,1
73,train,0
74,train,3
75,train,0
76,train,0
77,test,
78,train,1
79,test,
80,train,2
81,train,2
82,test,
83,train,0
84,train,4
85,train,1
86,train,1
87,train,1
88,train,3
89,train,2
90,train,0
91,train,1
92,train,1
93,train,2
94,train,2
95,train,3
96,train,0
97,train,1
98,train,1
99,train,2
100,test,
101,train,4
102,test,
103,train,2
104,train,1
105,train,0
106,train,1
107,train,3
108,test,
109,train,0
110,train,4
111,train,0
112,test,
113,train,2
114,train,2
115,train,4
116,test,
117,train,1
118,train,3
119,train,1
120,train,4
121,train,0
122,train,2
123,train,4
124,test,
125,train,3
126,train,1
127,train,0
128,train,3
129,test,
130,train,3
131,train,2
132,train,3
133,train,1
134,train,0
135,train,2
136,train,0
137,train,1
138,train,3
139,train,4
140,train,0
141,train,2
142,test,
143,train,3
144,train,3
145,train,3
146,train,2
147,train,3
148,train,1
149,train,4
150,train,4
151,train,4
152,train,3
153,train,2
154,train,3
155,train,3
156,train,0
157,train,4
158,train,4
159,train,2
160,train,2
161,train,2
162,train,4
163,train,0
164,test,
165,train,1
166,train,1
167,train,0
168,train,0
169,test,
170,train,0
171,train,0
172,train,3
173,train,4
174,train,2
175,train,2
176,test,
177,train,4
178,train,4
179,train,2
180,train,3
181,train,4
182,train,3
183,train,3
184,train,3
185,test,
186,train,3
187,train,0
188,train,0
189,train,3
190,train,0
191,train,3
192,train,3
193,test,
194,train,4
195,train,3
196,train,0
197,test,
198,train,2
199,test,
200,train,1
201,train,4
202,train,2
203,train,0
204,test,
205,train,2
206,train,0
207,train,3
208,train,2
209,test,
210,train,2
211,train,0
212,train,3
213,train,2
214,train,2
215,train,1
216,train,2
217,train,3
218,train,2
219,test,
220,train,1
221,test,
222,train,4
223,train,1
224,train,2
225,train,4
226,train,4
227,train,3
228,train,4
229,train,3
230,train,3
231,train,0
232,test,
233,train,2
234,test,
235,train,3
236,train,3
237,train,2
238,test,
239,train,4
240,test,
241,test,
242,train,0
243,train,0
244,train,4
245,test,
246,train,4
247,train,4
248,test,
249,train,3
250,train,1
251,train,4
252,train,4
253,train,3
254,train,0
255,train,0
256,train,0
257,train,1
258,train,2
259,train,1
260,test,
261,train,2
262,test,
263,train,1
264,train,4
265,train,3
266,train,0
267,train,4
268,train,0
269,train,1
270,train,2
271,test,
272,test,
273,train,2
274,train,4
275,test,
276,test,
277,train,3
278,test,
279,train,3
280,train,1
281,train,2
282,train,3
283,train,4
284,train,0
285,train,3
286,train,0
287,train,2
288,train,1
289,train,3
290,test,
291,train,1
292,train,2
293,train,2
294,train,0
295,train,4
296,train,1
297,train,0
298,test,
299,train,0
300,train,3
301,train,4
302,train,0
303,train,1
304,train,1
305,train,2
306,train,2
307,test,
308,train,4
309,train,4
310,test,
311,test,
312,train,1
313,train,3
314,train,1
315,train,2
316,train,2
317,test,
318,train,1
319,train,0
320,train,1
321,train,4
322,train,3
323,test,
324,train,2
325,test,
326,train,0
327,train,2
328,train,2
329,train,3
330,train,4
331,train,0
332,train,3
333,test,
334,train,2
335,train,1
336,train,0
337,train,0
338,train,4
339,train,1
340,test,
341,train,2
342,train,4
343,train,1
344,train,2
345,test,
346,train,3
347,train,3
348,train,3
349,train,2
350,train,1
351,test,
352,test,
353,train,3
354,test,
355,test,
356,train,4
357,train,1
358,train,0
359,test,
360,train,1
361,train,0
362,test,
363,train,4
364,test,
365,train,0
366,test,
367,train,4
368,test,
369,train,0
370,train,4
371,train,0
372,test,
373,train,0
374,train,2
375,test,
376,train,3
377,train,2
378,train,4
379,train,3
380,train,1
381,train,0
382,train,1
383,test,
384,train,0
385,train,0
386,train,1
387,train,2
388,train,1
389,train,3
390,train,2
391,train,4
392,train,1
393,train,4
394,train,1
395,test,
396,train,0
397,train,3
398,train,0
399,test,
400,train,3
401,train,0
402,train,2
403,train,4
404,train,2
405,train,0
406,train,0
407,train,2
408,train,4
409,train,1
410,train,1
411,train,1
412,test,
413,train,1
414,test,
415,train,2
416,test,
417,test,
418,train,0
419,train,4
420,train,2
421,train,1
422,train,3
423,test,
424,test,
425,train,3
426,test,
427,test,
428,test,
429,test,
430,test,
431,train,1
432,train,4
433,test,
434,test,
435,train,0
436,train,4
437,train,1
438,train,2
439,train,4
440,train,3
441,train,1
442,train,1
443,train,0
444,train,3
445,train,0
446,train,0
447,train,3
448,train,2
449,train,0
450,train,1
451,train,2
452,test,
453,train,0
454,test,
455,train,0
456,train,1
457,train,3
458,train,1
459,train,2
460,train,1
461,train,2
462,train,3
463,train,2
464,train,0
465,test,
466,train,3
467,train,2
468,train,3
469,train,2
470,train,0
471,train,0
472,train,4
473,train,4
474,train,0
475,train,1
476,train,1
477,train,2
478,train,4
479,test,
480,test,
481,train,4
482,train,2
483,train,4
484,train,1
485,train,2
486,train,0
487,train,4
488,train,4
489,train,2
490,train,0
491,test,
492,train,2
493,train,2
494,train,4
495,test,
496,train,0
497,train,3
498,train,4
499,train,4
500,train,4
501,train,3
502,train,1
503,train,0
504,train,4
505,train,3
506,train,2
507,train,0
508,train,1
509,train,0
510,train,2
511,train,1
512,train,4
513,train,4
514,train,2
515,train,2
516,train,4
517,train,3
518,train,0
519,train,3
520,train,0
521,train,0
522,train,0
523,test,
524,train,0
525,train,2
526,train,1
527,test,
528,train,0
529,test,
530,test,
531,train,0
532,train,1
533,test,
534,train,3
535,train,0
536,test,
537,train,1
538,train,3
539,test,
540,train,0
541,train,1
542,train,3
543,train,4
544,test,
545,train,1
546,train,2
547,train,4
548,train,0
549,train,3
550,train,2
551,train,1
552,train,3
553,train,1
554,train,1
555,test,
556,train,2
557,train,2
558,train,0
559,test,
560,train,3
561,train,1
562,train,2
563,train,4
564,train,2
565,train,0
566,train,1
567,train,4
568,test,
569,train,2
570,train,1
571,train,0
572,test,
573,train,4
574,train,1
575,train,0
576,test,
577,test,
578,train,4
579,train,0
580,train,2
581,train,3
582,test,
583,train,3
584,train,1
585,test,
586,test,
587,train,4
588,train,3
589,test,
590,test,
591,test,
592,test,
593,train,4
594,train,2
595,train,3
596,train,0
597,train,0
598,test,
599,test,
600,test,
601,train,1
602,train,3
603,test,
604,train,1
605,train,2
606,train,2
607,train,4
608,test,
609,train,1
610,train,0
611,train,3
612,train,4
613,train,3
614,train,1
615,test,
616,train,2
617,train,4
618,train,0
619,train,1
620,test,
621,test,
622,train,2
623,train,3
624,train,0
625,train,2
626,train,2
627,train,2
628,train,2
629,test,
630,train,4
631,train,3
632,train,2
633,train,3
634,train,0
635,test,
636,train,2
637,test,
638,train,4
639,train,3
640,train,4
641,train,3
642,train,3
643,train,0
644,test,
645,train,1
646,train,3
647,train,2
648,train,3
649,train,2
650,test,
651,train,0
652,test,
653,train,4
654,train,3
655,train,1
656,train,1
657,train,4
658,train,2
659,train,1
660,train,1
661,train,1
662,train,1
663,train,2
664,train,2
665,train,0
666,train,0
667,train,1
668,train,0
669,train,1
670,test,
671,test,
672,train,3
673,test,
674,train,0
675,test,
676,train,0
677,train,4
678,test,
679,train,1
680,test,
681,test,
682,train,1
683,test,
684,train,0
685,train,2
686,train,0
687,train,3
688,train,2
689,train,0
690,train,1
691,train,4
692,test,
693,train,2
694,test,
695,train,1
696,test,
697,train,1
698,train,0
699,train,2
700,train,4
701,train,2
702,train,0
703,train,3
704,train,0
705,train,0
706,train,4
707,train,4
708,test,
709,train,4
710,train,4
711,train,1
712,test,
713,train,1
714,train,2
715,train,3
716,train,0
717,train,4
718,train,0
719,test,
720,train,1
721,test,
722,train,3
723,test,
724,train,1
725,train,2
726,train,4
727,train,1
728,train,3
729,train,3
730,train,1
731,train,1
732,train,2
733,train,2
734,test,
735,train,0
736,train,3
737,test,
738,train,2
739,train,1
740,train,0
741,train,0
742,train,1
743,train,4
744,train,1
745,test,
746,train,0
747,test,
748,train,2
749,train,0
750,train,1
751,train,2
752,train,0
753,train,4
754,train,2
755,test,
756,test,
757,train,1
758,train,3
759,train,2
760,train,0
761,train,3
762,train,2
763,train,4
764,train,4
765,train,4
766,test,
767,train,3
768,train,4
769,train,1
770,train,0
771,train,1
772,train,2
773,test,
774,train,1
775,test,
776,train,0
777,train,3
778,test,
779,train,1
780,train,2
781,train,1
782,test,
783,test,
784,train,4
785,train,3
786,train,3
787,train,2
788,train,4
789,test,
790,train,1
791,train,0
792,train,0
793,train,2
794,train,4
795,train,3
796,train,1
797,test,
798,train,3
799,train,0
800,train,4
801,train,3
802,train,4
803,test,
804,train,4
805,train,4
806,train,4
807,test,
808,train,0
809,train,1
810,train,4
811,train,4
812,test,
813,test,
814,train,4
815,train,4
816,train,1
817,train,2
818,test,
819,train,4
820,train,1
821,train,3
822,train,1
823,train,3
824,train,3
825,train,2
826,train,3
827,train,4
828,train,1
829,train,1
830,train,3
831,train,4
832,train,3
833,train,1
834,train,0
835,train,0
836,train,2
837,test,
838,train,3
839,test,
840,train,1
841,train,4
842,train,3
843,train,1
844,test,
845,train,2
846,train,2
847,test,
848,train,1
849,train,1
850,train,1
851,train,2
852,train,3
853,train,4
854,train,1
855,train,4
856,test,
857,train,3
858,train,3
859,train,4
860,train,3
861,train,2
862,train,0
863,train,1
864,train,3
865,train,0
866,test,
867,train,1
868,train,0
869,train,0
870,train,3
871,train,3
872,train,4
873,train,4
874,train,2
875,test,
876,train,1
877,train,4
878,train,3
879,train,1
880,train,3
881,train,0
882,test,
883,train,2
884,train,2
885,train,4
886,train,4
887,train,1
888,test,
889,train,0
890,train,1
891,train,0
892,train,1
893,test,
894,train,1
895,test,
896,train,2
897,train,2
898,train,4
899,test,
900,train,2
901,train,0
902,train,1
903,train,0
904,train,1
905,train,4
906,train,3
907,test,
908,test,
909,train,1
910,train,0
911,test,
912,train,4
913,train,1
914,train,0
915,train,0
916,test,
917,test,
918,test,
919,train,0
920,train,3
921,train,4
922,train,1
923,test,
924,train,1
925,train,2
926,test,
927,train,2
928,train,3
929,train,2
930,train,4
931,test,
932,train,1
933,train,3
934,train,1
935,train,2
936,train,4
937,train,4
938,test,
939,train,3
940,test,
941,train,3
942,train,4
943,train,0
944,train,0
945,train,2
946,train,2
947,test,
948,train,1
949,test,
950,train,2
951,train,3
952,train,0
953,test,
954,train,3
955,train,3
956,train,0
957,train,4
958,train,1
959,test,
960,train,2
961,train,4
962,train,0
963,train,1
964,train,4
965,train,4
966,train,1
967,test,
968,train,1
969,train,1
970,train,0
971,train,4
972,train,4
973,train,2
974,train,4
975,train,4
976,train,0
977,train,2
978,train,2
979,train,1
980,test,
981,train,3
982,train,1
983,train,2
984,train,0
985,test,
986,train,1
987,train,2
988,train,2
989,train,4
990,test,
991,test,
992,train,3
993,train,1
994,train,4
995,test,
996,train,4
997,train,0
998,train,3
999,test,
1000,train,1
1001,train,2
1002,test,
1003,train,3
1004,train,2
1005,train,1
1006,train,0
1007,test,
1008,train,4
1009,train,4
1010,test,
1011,train,2
1012,train,0
1013,train,0
1014,train,3
1015,train,0
1016,train,0
1017,train,1
1018,train,1
1019,test,
1020,train,1
1021,train,4
1022,train,0
1023,train,1
1024,train,2
1025,test,
1026,train,4
1027,train,0
1028,test,
1029,train,3
1030,train,3
1031,train,2
1032,train,1
1033,test,
1034,test,
1035,train,1
1036,train,0
1037,test,
1038,train,0
1039,train,3
1040,train,2
1041,test,
1042,test,
1043,test,
1044,train,0
1045,train,4
1046,train,2
1047,test,
1048,test,
1049,train,0
1050,test,
1051,train,1
1052,train,4
1053,train,4
1054,test,
1055,test,
1056,train,0
1057,train,2
1058,train,2
1059,train,4
1060,train,1
1061,train,2
1062,test,
1063,train,2
1064,train,3
1065,train,0
1066,train,2
1067,train,2
1068,train,3
1069,train,0
1070,train,3
1071,train,3
1072,train,0
1073,train,3
1074,train,4
1075,train,2
1076,train,4
1077,train,2
1078,train,3
1079,test,
1080,train,2
1081,train,4
1082,train,3
1083,train,1
1084,train,4
1085,train,1
1086,test,
1087,train,0
1088,train,2
1089,test,
1090,test,
1091,train,1
1092,train,0
1093,test,
1094,train,2
1095,test,
1096,train,4
1097,train,4
1098,train,1
1099,train,2
1100,train,2
1101,train,0
1102,test,
1103,test,
1104,train,3
1105,train,3
1106,test,
1107,train,4
1108,train,0
1109,test,
1110,train,4
1111,train,1
1112,train,2
1113,train,4
1114,test,
1115,train,0
1116,train,1
1117,train,1
1118,train,0
1119,train,1
1120,train,0
1121,test,
1122,train,3
1123,train,4
1124,train,2
1125,train,2
1126,test,
1127,train,2
1128,train,3
1129,train,4
1130,train,4
1131,train,2
1132,test,
1133,test,
1134,test,
1135,test,
1136,train,1
1137,train,0
1138,train,1
1139,test,
1140,train,1
1141,train,3
1142,train,3
1143,train,0
1144,train,4
1145,train,1
1146,train,1
1147,train,1
1148,train,2
1149,train,3
1150,train,0
1151,train,3
1152,train,2
1153,train,2
1154,train,0
1155,train,0
1156,train,0
1157,test,
1158,train,3
1159,train,0
1160,test,
1161,test,
1162,train,3
1163,train,3
1164,test,
1165,test,
1166,train,1
1167,train,0
1168,train,0
1169,train,0
1170,train,3
1171,test,
1172,train,4
1173,train,4
1174,test,
1175,train,2
1176,test,
1177,train,4
1178,test,
1179,test,
1180,train,2
1181,train,3
1182,train,3
1183,train,4
1184,train,3
1185,train,0
1186,train,2
1187,train,0
1188,train,0
1189,train,3
1190,train,2
1191,train,3
1192,train,2
1193,train,4
1194,train,0
1195,train,1
1196,train,0
1197,train,2
1198,train,2
1199,train,4
1200,train,4
1201,train,3
1202,test,
1203,train,4
1204,train,4
1205,train,1
1206,train,4
1207,train,3
1208,train,3
1209,train,4
1210,train,3
1211,train,4
1212,train,1
1213,train,2
1214,train,0
1215,train,0
1216,train,0
1217,test,
1218,train,2
1219,train,0
1220,train,4
1221,test,
1222,test,
1223,train,1
1224,train,4
1225,train,1
1226,train,4
1227,test,
1228,train,4
1229,test,
1230,train,2
1231,train,3
1232,train,0
1233,test,
1234,train,1
1235,train,1
1236,train,4
1237,train,2
1238,train,3
1239,train,4
1240,train,1
1241,test,
1242,train,4
1243,train,3
1244,test,
1245,train,0
1246,train,1
1247,train,0
1248,train,0
1249,train,2
1250,test,
1251,train,3
1252,train,1
1253,test,
1254,train,4
1255,train,4
1256,train,0
1257,train,1
1258,train,2
1259,train,0
1260,train,2
1261,train,3
1262,train,0
1263,train,0
1264,train,2
1265,train,0
1266,test,
1267,train,2
1268,train,3
1269,train,0
1270,test,
1271,train,3
1272,test,
1273,test,
1274,train,4
1275,train,4
1276,train,0
1277,train,0
1278,train,3
1279,train,4
1280,test,
1281,train,4
1282,train,3
1283,train,1
1284,train,4
1285,train,4
1286,train,1
1287,train,1
1288,train,2
1289,train,4
1290,train,2
1291,train,2
1292,test,
1293,train,4
1294,test,
1295,train,0
1296,train,0
1297,train,4
1298,train,2
1299,train,3
1300,test,
1301,train,2
1302,train,3
1303,train,1
1304,train,2
1305,train,4
1306,train,0
1307,test,
1308,train,3
1309,train,0
1310,train,3
1311,train,2
1312,train,4
1313,train,1
1314,train,0
1315,train,3
1316,train,4
1317,train,4
1318,test,
1319,train,2
1320,train,4
1321,test,
1322,train,3
1323,train,1
1324,train,1
1325,train,3
1326,train,4
1327,train,3
1328,train,3
1329,train,4
1330,train,1
1331,train,4
1332,test,
1333,train,2
1334,test,
1335,train,3
1336,train,4
1337,train,1
1338,train,4
1339,train,3
1340,train,3
1341,test,
1342,train,1
1343,train,4
1344,train,4
1345,test,
1346,train,2
1347,train,3
1348,test,
1349,train,1
1350,train,4
1351,train,4
1352,train,4
1353,train,2
1354,train,3
1355,train,4
1356,train,1
1357,test,
1358,train,4
1359,test,
1360,train,1
1361,train,3
1362,test,
1363,train,0
1364,train,2
1365,train,1
1366,train,2
1367,train,1
1368,train,1
1369,test,
1370,train,2
1371,train,2
1372,train,0
1373,train,4
1374,train,4
1375,train,3
1376,train,3
1377,train,1
1378,train,4
1379,train,3
1380,train,0
1381,train,0
1382,train,2
1383,train,4
1384,train,1
1385,train,1
1386,train,1
1387,train,1
1388,train,4
1389,train,2
1390,train,0
1391,train,4
1392,train,1
1393,test,
1394,train,2
1395,test,
1396,train,3
1397,train,0
1398,test,
1399,test,
1400,train,2
1401,train,3
1402,train,0
1403,train,3
1404,train,3
1405,train,2
1406,train,4
1407,train,2
1408,train,2
1409,train,4
1410,train,2
1411,test,
1412,train,3
1413,train,1
1414,train,4
1415,test,
1416,train,0
1417,train,0
1418,train,0
1419,train,2
1420,train,3
1421,train,3
1422,test,
1423,train,0
1424,train,4
1425,train,4
1426,train,1
1427,train,3
1428,test,
1429,test,
1430,train,4
1431,test,
1432,train,3
1433,test,
1434,train,2
1435,train,0
1436,train,3
1437,train,3
1438,train,3
1439,train,3
1440,train,3
1441,train,4
1442,train,3
1443,train,1
1444,train,0
1445,train,1
1446,train,3
1447,train,4
1448,test,
1449,train,2
1450,test,
1451,test,
1452,train,0
1453,train,0
1454,train,0
1455,train,2
1456,train,2
1457,train,2
1458,train,2
1459,train,3
1460,train,1
